{"cameraMode":{"drawMode":0,"name":"Shaded","section":"Shading Mode"},"sceneLighting":true,"audioPlay":false,"sceneViewState":{"showFog":true,"showMaterialUpdate":false,"showSkybox":true,"showFlares":true,"showImageEffects":true,"showParticleSystems":true},"in2DMode":false,"pivot":{"x":-0.04822242259979248,"y":-0.270813524723053,"z":0.06723751872777939},"rotation":{"x":0.05074421688914299,"y":-0.7208849787712097,"z":0.05308067053556442,"w":0.6891533136367798},"size":2.232208251953125,"orthographic":true}