{"cameraMode":{"drawMode":0,"name":"Shaded","section":"Shading Mode"},"sceneLighting":true,"audioPlay":false,"sceneViewState":{"showFog":true,"showMaterialUpdate":false,"showSkybox":true,"showFlares":true,"showImageEffects":true,"showParticleSystems":true},"in2DMode":false,"pivot":{"x":0.6414413452148438,"y":-0.4000000059604645,"z":57.70000076293945},"rotation":{"x":-0.001062873750925064,"y":0.7060445547103882,"z":-0.0010584841948002577,"w":-0.7081658244132996},"size":52.959312438964847,"orthographic":true}