{"cameraMode":{"drawMode":0,"name":"Shaded","section":"Shading Mode"},"sceneLighting":true,"audioPlay":false,"sceneViewState":{"showFog":true,"showMaterialUpdate":false,"showSkybox":true,"showFlares":true,"showImageEffects":true,"showParticleSystems":true},"in2DMode":false,"pivot":{"x":-3.002854585647583,"y":-3.1223042011260988,"z":-0.12022896856069565},"rotation":{"x":0.042742662131786349,"y":-0.7000994086265564,"z":0.04205650836229324,"w":0.711523175239563},"size":18.81964874267578,"orthographic":false}