{"cameraMode":{"drawMode":0,"name":"Shaded","section":"Shading Mode"},"sceneLighting":true,"audioPlay":false,"sceneViewState":{"showFog":true,"showMaterialUpdate":false,"showSkybox":true,"showFlares":true,"showImageEffects":true,"showParticleSystems":true},"in2DMode":false,"pivot":{"x":1.2109375,"y":0.988006591796875,"z":36.799560546875},"rotation":{"x":-0.001062873750925064,"y":0.7060445547103882,"z":-0.0010584841948002577,"w":-0.7081658244132996},"size":48.30022048950195,"orthographic":true}